{
    "position": {
        "x": -3.3134825229644777,
        "y": 6.914901256561279,
        "z": 19.461881637573243
    },
    "rotation": {
        "x": 0.0,
        "y": -0.05539399012923241,
        "z": 0.0,
        "w": 0.9984645843505859
    },
    "camRotation": {
        "x": 44.20002365112305,
        "y": 353.6490783691406,
        "z": 0.0
    }
}